SKU,Title
15497927983435,plytix test
2R-49NC-R697,MSM Powder
2R-49NC-R697-plytix,MSM Powder (plytix test)
Active_Lifestyle_Set_3,All Day Athlete Set
Agility_Set_3,Loosen Up Set
BJ-E223-8EKW,Moringa Oleifera Capsules Organic
Beauty_Set_3-0,Beauty Elixir Set
CP-DQMG-RVN9,Wild Yams + Zinc Capsules
CW-KVIN-V39Y,D-Mannose Powder
Daily_Vegan_Set,Daily Vegan Set
Detox_Set_3,Deep Clean Set
Digestion_Health_Set_3,Happy Gutfeeling Set
Dreamcatcher_Set_3,Dream Catcher Set
Emotional_Balance_Set_3,Peace of Mind Set
Energy_Set_3,Full Battery Set
Everyday_Essentials_Set,Everyday Essentials Set
General_Health_Set_3,All-Rounder Set
Gut_Flora_Set,Gut Flora Set
Hormonal_Blanace_Set_3,Inner Center Set
Immune_System_Set_3,Shield Set
Menopause_Set,Menopause Set
Mental_Focus_Set_3,Clever Mind Set
NX-CVPF-VCEZ,Reishi Extract Capsules
Performance_Push_Set_3,Ready? Go! Set
Regeneration_Set_3,Reboot Set
Sunkissed-Set,Sunkissed Set
TU-QNYD-JRRX,Tribulus Terrestris Extract Capsules
VI-ZU99-SZ0B,L-Tryptophan Capsules
VV-ALO-06,MSM Powder
VV-ALO-06-plytix,MSM Powder (plytix test)
VV-ALO-06-plytix [NEW],MSM Powder (plytix test)
VV-VITA-02,Milk Thistle Extract Capsules
VV-VITA-101,Rhodiola Rosea Extract Capsules
VV-VITA-102,Ginkgo Biloba Extract Capsules
VV-VITA-104,Echinacea Purpurea Extract Capsules
VV-VITA-105,Panax Ginseng Extract Capsules
VV-VITA-106,Black Garlic Extract Capsules
VV-VITA-107,Ceylon Cinnamon Extract Capsules
VV-VITA-109,Liver Active Complex Capsules
VV-VITA-111,Colon Care Complex Capsules
VV-VITA-115,Pro Bio Junior Powder Organic
VV-VITA-116,Natural Iodine Organic Capsules
VV-VITA-119,Magnesium + Potassium Capsules
VV-VITA-121,Female Harmony Complex Capsules
VV-VITA-122,Immu Pro Complex Capsules
VV-VITA-124,Natural Vitamin C Organic Capsules
VV-VITA-127,Saffron Extract Capsules
VV-VITA-129,Ginger Organic Capsules
VV-VITA-136,Light Legs Complex Capsules
VV-VITA-142,Prostaid Complex Capsules
VV-VITA-143,Vitamin B12 Plus Capsules
VV-VITA-146,Spirulina Tablets Organic
VV-VITA-151,Female Balance Complex Capsules
VV-VITA-153,Ashwagandha Capsules Organic
VV-VITA-155,Reishi Extract Capsules Organic
VV-VITA-157,Hawthorn Extract Capsules Organic
VV-VITA-158,Glucosamine Complex Capsules
VV-VITA-159,EAA Tablets
VV-VITA-160,L-Arginine Plus Capsules
VV-VITA-165,Resveratrol Plus Capsules
VV-VITA-166,Triphala Capsules Organic
VV-VITA-168,Sun Care Complex Capsules
VV-VITA-170,Vitamin B3 (Nicotinamide) Capsules
VV-VITA-171,Vision Care Complex Capsules
VV-VITA-172,Maitake Capsules Organic
VV-VITA-173,Lion's Mane Capsules Organic
VV-VITA-174,Olive Leaf Extract Capsules
VV-VITA-181,Sage Extract Capsules Organic
VV-VITA-183,Reflu-X Complex Capsules
VV-VITA-186,Chlorella Capsules Organic
VV-VITA-188,Stinging Nettle Capsules Organic
VV-VITA-189,Rosehip Capsules Organic
VV-VITA-190,Papaya Extract Capsules Organic
VV-VITA-197,Guggul Extract Capsules
VV-VITA-198,Bromelain Capsules
VV-VITA-199,St. John's Wort + Passion Flower Capsules Organic
VV-VITA-202,Multivitamin Junior Spray
VV-VITA-203,GABA Plus Capsules
VV-VITA-204,Devil's Claw Plus Capsules
VV-VITA-206,Artichoke Extract Capsules Organic
VV-VITA-207,Astragalus Extract Capsules Organic
VV-VITA-208,Horse Chestnut Capsules Organic
VV-VITA-215,Horsetail Extract Capsules Organic
VV-VITA-216,Kudzu Plus Capsules
VV-VITA-222,Black Cumin Seed Oil Capsules Organic
VV-VITA-223,Omega 3 Oil Capsules
VV-VITA-224,Vegan Essentials Complex Capsules
VV-VITA-225,Shilajit Extract Capsules
VV-VITA-227,Evening Primrose Oil & Borage Seed Capsules Organic
VV-VITA-228,Vitamin D3 + K2 Oil Capsules
VV-VITA-230,Berberine Plus Capsules
VV-VITA-231,Myo-Inositol Complex Capsules
VV-VITA-236,Maca Extrakt
VV-VITA-237,Choline Trio Capsules
VV-VITA-243,Multi Magnesium Complex Capsules
VV-VITA-247,Astaxanthin Oil Capsules
VV-VITA-248,Oregano Oil Capsules Organic
VV-VITA-249,Saccharomyces Boulardii Capsules
VV-VITA-250,Brahmi Tablets Organic
VV-VITA-252,Shiitake Extract Capsules
VV-VITA-256,Pumpkin Seed Oil Capsules Organic
VV-VITA-257,Lecithin Oil Capsules Organic
VV-VITA-258,Flaxseed Oil Capsules Organic
VV-VITA-259,Mushroom Mix Complex Capsules
VV-VITA-262,Bilberry & Pine Bark Extracts Capsules Organic
VV-VITA-264,Mugwort Extract Capsules
VV-VITA-266,Moringa Oleifera Tablets Organic
VV-VITA-276,Venaflux Complex Capsules
VV-VITA-277,Vitamin B12 Junior Spray
VV-VITA-284,Chaga Extract Capsules Organic
VV-VITA-286,Saw palmetto + Pygeum africanum Extracts Capsules
VV-VITA-287,Natural Silicium Capsules Organic
VV-VITA-294,Artichoke and Black Radish Extracts Capsules Organic
VV-VITA-294 [TEST],TEST ole ole
VV-VITA-295,Sugar Balance Complex Capsules
VV-VITA-297,Beta Carotene Plus Oil Capsules
VV-VITA-298,Black Maca + Tribulus Capsules
VV-VITA-301,ZMA Capsules: Zinc + Magnesium + Vitamin B6
VV-VITA-303,Drenaflux Complex Capsules
VV-VITA-304,Folate Capsules
VV-VITA-307,Vitamin B3 Capsules
VV-VITA-308,Digestive Enzymes Complex Capsules
VV-VITA-31,Papaya Enzyme Capsules
VV-VITA-310,Bergamot Extract Capsules
VV-VITA-311,NAC Capsules
VV-VITA-313,Boswellia Extract Capsules
VV-VITA-314,Glycine Powder
VV-VITA-316,Ceylon Cinnamon Extract Capsules Organic
VV-VITA-317,Citrulline Plus Capsules
VV-VITA-318,Garlic Plus Capsules
VV-VITA-319,Chia Seed Oil Capsules Organic
VV-VITA-320,Vollagen + Hyaluronic Acid Complex Capsules
VV-VITA-322,Potassium Capsules
VV-VITA-326,Griffonia Plus Capsules
VV-VITA-327,L-Carnitine Plus Capsules
VV-VITA-329,Liposomal Vitamin C Capsules
VV-VITA-331,Nootropic Pro Complex Capsules
VV-VITA-332,Men Multivitamin Complex Capsules
VV-VITA-333,Electrolyte Plus Capsules
VV-VITA-335,Brahmi + Hericium Capsules Organic
VV-VITA-336,Devil's Claw Extract Capsules Organic
VV-VITA-337,Rocket Complex Capsules
VV-VITA-338,Turmeric Capsules Organic
VV-VITA-339,L-Tyrosine Plus Capsules
VV-VITA-340,Milk Thistle Plus Capsules
VV-VITA-341,Vitamin B12 Drops
VV-VITA-342,Vitamin D3 + K2 Drops
VV-VITA-343,Clorophyll Drops
VV-VITA-344,Ashwagandha KSM-66 Extract Capsules Organic
VV-VITA-345,Serenity Complex Capsules
VV-VITA-346,Chromium Plus Capsules
VV-VITA-347,B-Active Complex Capsules
VV-VITA-348,Vegan Pregnancy Complex Capsules
VV-VITA-349,Fenugreek Capsules Organic
VV-VITA-350,FenoLact Complex Capsules
VV-VITA-351,Cordyceps Sinensis Extract Capsules Organic
VV-VITA-352,Omega 3 + ADEK Oil Capsules
VV-VITA-354,Mushroom Complex Capsules Organic
VV-VITA-355,L-Glutathione Complex Capsules
VV-VITA-356,Black Maca Plus Capsules
VV-VITA-357,Taurine Plus Capsules
VV-VITA-358,OPC Trio Capsules
VV-VITA-359,Red Yeast Rice Plus Capsules
VV-VITA-360,Caffeine Capsules
VV-VITA-361,Rapunzel Complex Capsules
VV-VITA-362,Echinacea Plus Capsules
VV-VITA-363,Apple Cider Vinegar Complex Capsules
VV-VITA-364,Astaxanthin Oil Capsules Organic
VV-VITA-365,Apple Cider Vinegar Gummies
VV-VITA-366,Iron Gummies
VV-VITA-367,Creatine Monohydrate Powder
VV-VITA-368,L-Glutamine Powder
VV-VITA-369,Glucomannan Capsules Organic
VV-VITA-370,Magnesium Bisglycinate Capsules
VV-VITA-371,Nattokinase Capsules
VV-VITA-372,Vitamin D3 + K2 Depot Tablets
VV-VITA-373,Keto Power Complex Capsules
VV-VITA-374,Psyllium Husks Organic
VV-VITA-375,Strong Bones Complex Tablets
VV-VITA-376,Griffonia Extract (5-HTP) Capsules
VV-VITA-377,Choline Bitartrate Capsules
VV-VITA-378,Brewer's Yeast Capsules
VV-VITA-379,Glucosamine Plus Capsules
VV-VITA-38,Vitamin B Plus Tablets
VV-VITA-380,Party Hero Complex Tablets
VV-VITA-381,Myo-Inositol Powder
VV-VITA-382,Taurine Powder
VV-VITA-383,Vitamin K2 Tablets
VV-VITA-384,Beta Alanine Powder
VV-VITA-385,Evening Primrose Oil Capsules
VV-VITA-386,Femme Biotics Capsules
VV-VITA-387,Youth Biotics Capsules
VV-VITA-388,Glycine Powder
VV-VITA-389,Prosta-X Complex Capsules
VV-VITA-39,D-Mannose Complex Capsules
VV-VITA-390,L-Citrulline Malate Powder
VV-VITA-391,Quercetin Complex Capsules
VV-VITA-393,BCAA Powder Mango
VV-VITA-394,EAA Powder Peach
VV-VITA-395,Zinc Bisglycinate Capsules
VV-VITA-398,Multivitamin Junior Gummies
VV-VITA-399,Glucomannan Complex Capsules
VV-VITA-400,Keto Power Complex Capsules
VV-VITA-402,Un-Bloat Capsules
VV-VITA-402-plytix,Un-Bloat Capsules (plytix TEST)
VV-VITA-403,Magnesium Citrate Powder
VV-VITA-404,Sage Extract Capsules
VV-VITA-405,Vitamin B12 Tablets
VV-VITA-406,Vitamin B12 Tablets non DE
VV-VITA-407,Green Supreme Complex Powder
VV-VITA-408,Gut Routine Powder
VV-VITA-409,Magnesium Citrate Capsules
VV-VITA-410,OPC Capsules
VV-VITA-411,Digestive Enzymes Pro Capsules
VV-VITA-412,Lactase Tablets
VV-VITA-413,Q10 Capsules
VV-VITA-414,Hericium Capsules
VV-VITA-415,PMS Capsules
VV-VITA-417,Omega 3 Gummies
VV-VITA-46,Multivitamin Plus Capsules
VV-VITA-49,Iron Bisglycinate Capsules
VV-VITA-50,Colla-Veg Complex Capsules
VV-VITA-57-V,Hyaluronic Acid Capsules
VV-VITA-57-V2,Hyaluronic Acid Capsules
VV-VITA-63,Cordyceps Sinensis Extract Capsules
VV-VITA-86,MSM Capsules
VV-VITA-88,Chlorella & Spirulina Capsules Organic
VV-VITA-90,Beta Carotene Capsules
VV-VITA-93,Vitamin B12 Spray
VV-VITA-94,Pro Bio Capsules Organic
VV-VITA-99,Vitamin D3 + K2 Spray
Vegan_Basics_Set_3,Everyday Vegan Set
Vitality_Set_3,Fountain of Youth Set
chiarasku-0-V001,Test
chiaratest-0-V001,Chiara Test merconic
femtastic_set,Femtastic Set
shopifytestvarianta,Shopify Test Capsules
shopifytestvariantb,Shopify Test Capsules
test mw -0-V001,test title
xxxxx-variant-test,xxxx TEST
